time_passes;gvn;instcombine;inline;jump_threading;simplifycfg;sccp;print_used_types;ipsccp;iv_users;licm;Performance
1;0;0;0;0;0;0;0;0;1;0;210.34
1;1;0;0;0;0;1;0;0;0;0;229.166666666667
1;0;0;0;0;0;0;0;0;0;0;210.44
1;0;0;0;0;0;0;0;0;0;1;258.826666666667
1;1;1;1;1;1;0;1;1;0;1;262.94
1;1;1;1;1;1;0;0;1;1;1;263.82
1;1;1;1;1;1;1;1;1;1;1;253.673333333333
1;1;1;0;1;0;1;1;1;0;0;241.326666666667
1;1;1;1;1;1;0;0;0;0;0;243.283333333333
1;1;1;1;1;1;0;1;0;1;0;248.81
1;1;1;1;1;1;0;0;1;0;0;253.653333333333
