time_passes;gvn;instcombine;inline;jump_threading;simplifycfg;sccp;print_used_types;ipsccp;iv_users;licm;Performance
1;0;0;0;0;0;0;0;0;1;0;210.34
1;0;0;1;0;0;0;0;0;1;1;241.776666666667
1;1;1;0;0;0;0;0;0;0;1;238.23
1;0;0;0;0;0;0;0;0;0;0;210.44
1;0;0;0;0;0;1;0;0;0;0;204.986666666667
1;1;1;1;1;1;0;1;1;0;1;262.94
1;1;0;0;0;0;0;0;1;0;0;224.43
1;1;1;1;1;1;1;1;1;1;1;253.673333333333
1;1;1;1;0;0;0;0;0;1;0;244.91
1;1;1;1;1;1;1;1;0;0;0;241.693333333333
1;1;1;1;1;1;1;1;1;0;0;240.543333333333
