time_passes;gvn;instcombine;inline;jump_threading;simplifycfg;sccp;print_used_types;ipsccp;iv_users;licm;Performance
1;1;0;0;0;1;0;0;0;0;0;230.74
1;0;1;0;0;1;0;1;1;0;0;222.266666666667
1;1;0;1;1;1;0;0;0;0;0;257.54
1;0;0;1;0;0;0;1;1;1;1;244.12
1;1;0;0;0;0;1;1;0;1;1;232.026666666667
1;1;0;1;1;0;0;0;1;1;1;247.373333333333
1;0;1;0;1;1;1;1;0;1;1;234.65
1;1;1;1;0;1;1;1;0;1;1;261.676666666667
1;0;1;1;1;0;0;1;1;1;1;247.26
1;1;1;1;1;0;1;0;1;1;1;268.41
1;1;1;1;1;0;0;1;0;0;1;268.38
