time_passes;gvn;instcombine;inline;jump_threading;simplifycfg;sccp;print_used_types;ipsccp;iv_users;licm;Performance
1;0;0;0;0;0;0;0;0;0;0;210.44
1;1;0;0;0;0;0;0;0;0;0;234.68
1;0;0;0;0;1;0;0;0;0;0;206.9
1;0;1;1;1;1;1;0;0;1;1;249.343333333333
1;0;1;1;1;1;1;1;0;0;1;269.47
1;1;1;1;1;1;1;1;1;1;1;253.673333333333
1;0;1;1;0;1;0;0;0;0;0;230.536666666667
1;1;1;1;0;0;0;0;0;0;0;244.03
1;1;1;1;1;1;1;0;0;0;0;244.253333333333
1;1;1;1;1;1;1;1;0;0;0;241.693333333333
1;0;1;1;1;0;1;0;1;1;1;251.516666666667
