time_passes;gvn;instcombine;inline;jump_threading;simplifycfg;sccp;print_used_types;ipsccp;iv_users;licm;Performance
1;0;0;0;0;0;0;0;0;0;1;258.826666666667
1;1;0;0;0;0;0;0;1;0;0;224.43
1;1;1;1;1;1;0;1;1;1;1;267.51
1;1;1;1;1;1;1;1;0;1;1;262.113333333333
1;1;1;1;1;1;1;1;1;1;1;253.673333333333
1;1;1;1;1;1;0;0;0;1;0;248.536666666667
1;1;1;1;1;1;1;1;0;0;0;241.693333333333
1;1;1;1;1;1;1;1;1;1;0;245.343333333333
1;1;0;1;0;1;0;0;1;0;1;250.26
1;0;1;0;0;1;1;0;1;0;1;233
1;1;1;1;1;0;0;0;0;0;1;252.5
