time_passes;gvn;instcombine;inline;jump_threading;simplifycfg;sccp;print_used_types;ipsccp;iv_users;licm;Performance
1;0;0;0;0;0;0;0;0;0;0;210.44
1;1;0;0;0;0;0;0;0;0;0;234.68
1;0;0;0;0;0;0;0;0;0;1;258.826666666667
1;1;1;1;1;1;0;0;0;0;1;251.803333333333
1;0;1;1;1;1;1;1;1;0;0;223.52
1;1;1;1;0;0;0;0;0;1;0;244.91
1;1;1;1;1;1;0;0;0;0;0;243.283333333333
1;1;1;1;1;1;1;0;1;0;0;250.726666666667
1;1;1;1;1;1;1;1;0;1;0;250.863333333333
1;1;1;1;1;1;1;1;1;1;0;245.343333333333
1;1;0;1;0;1;0;0;1;0;1;250.26
