time_passes;gvn;instcombine;inline;jump_threading;simplifycfg;sccp;print_used_types;ipsccp;iv_users;licm;Performance
1;0;0;0;0;0;0;0;0;0;0;210.44
1;1;0;0;0;0;0;0;0;0;0;234.68
1;0;0;0;0;1;0;0;0;0;0;206.9
1;0;0;0;0;0;0;0;0;0;1;258.826666666667
1;0;1;1;1;1;0;1;0;0;1;250.613333333333
1;1;1;1;1;1;0;1;1;1;1;267.51
1;0;1;1;1;1;1;1;1;1;1;265.816666666667
1;1;1;1;0;0;0;0;0;0;0;244.03
1;1;1;1;1;1;0;1;0;0;0;254.89
1;1;1;1;1;1;0;1;1;1;0;255.873333333333
1;0;1;1;1;1;0;0;0;1;1;247.13
