time_passes;gvn;instcombine;inline;jump_threading;simplifycfg;sccp;print_used_types;ipsccp;iv_users;licm;Performance
1;1;1;0;0;0;1;0;0;0;0;244.5
1;1;0;0;1;1;1;0;0;0;0;230.59
1;0;0;0;0;0;0;0;0;0;0;210.44
1;1;0;0;0;0;0;0;0;0;0;234.68
1;1;1;1;1;1;0;1;1;1;1;267.51
1;1;1;1;1;1;1;1;0;1;1;262.113333333333
1;1;1;1;0;1;0;0;0;0;0;253.963333333333
1;1;1;1;1;0;0;0;1;0;0;253.153333333333
1;1;1;1;1;1;1;1;1;1;0;245.343333333333
1;1;0;0;0;1;0;0;1;1;1;234.006666666667
1;0;1;0;1;1;0;0;1;0;1;234.133333333333
