time_passes;gvn;instcombine;inline;jump_threading;simplifycfg;sccp;print_used_types;ipsccp;iv_users;licm;Performance
1;0;0;0;0;0;0;0;0;0;0;210.44
1;1;0;0;0;0;0;0;0;0;0;234.68
1;1;1;1;1;0;0;0;0;0;0;243.783333333333
1;1;0;1;1;1;0;1;0;0;0;241.896666666667
1;1;1;1;1;1;0;1;1;1;1;267.51
1;1;1;1;1;1;1;1;0;1;1;262.113333333333
1;0;1;1;1;0;1;0;0;0;0;230.08
1;1;1;1;0;0;0;0;0;0;0;244.03
1;1;1;1;1;0;0;1;0;0;0;256.473333333333
1;1;1;1;1;1;0;0;0;0;0;243.283333333333
1;1;1;1;1;1;1;1;1;1;0;245.343333333333
