time_passes;gvn;instcombine;inline;jump_threading;simplifycfg;sccp;print_used_types;ipsccp;iv_users;licm;Performance
1;0;1;0;1;0;0;0;0;1;0;217.093333333333
1;1;1;0;0;1;1;0;0;0;0;246.48
1;1;1;0;0;0;1;0;0;1;0;237.75
1;0;0;1;0;1;0;0;0;1;1;256.06
1;0;0;1;1;1;1;0;0;1;0;216.923333333333
1;0;1;0;0;0;1;0;1;0;0;221.166666666667
1;1;1;1;0;1;0;1;1;0;0;249.566666666667
1;0;0;0;1;1;0;0;1;0;0;203.933333333333
1;1;1;1;1;1;1;0;0;1;0;253.1
1;0;0;1;0;0;0;1;1;0;0;208.37
1;1;1;1;0;0;1;0;0;0;1;267.846666666667
