time_passes;gvn;instcombine;inline;jump_threading;simplifycfg;sccp;print_used_types;ipsccp;iv_users;licm;Performance
1;0;1;0;1;0;0;0;0;0;0;234.08
1;0;0;0;0;0;0;0;0;0;0;210.44
1;0;1;0;0;0;0;0;0;0;0;219.636666666667
1;0;1;1;0;0;0;0;0;0;0;224.95
1;0;0;1;1;0;0;0;0;0;0;217.29
1;0;0;0;1;0;0;0;1;0;0;201.546666666667
1;0;0;0;0;0;0;1;1;0;0;199.953333333333
1;0;1;1;1;0;0;0;0;0;0;224.326666666667
1;0;1;1;1;0;0;1;0;0;0;232.143333333333
1;0;0;0;1;0;0;1;1;0;0;200.82
1;0;0;1;1;0;0;1;1;0;0;214.153333333333
