time_passes;gvn;instcombine;inline;jump_threading;simplifycfg;sccp;print_used_types;ipsccp;iv_users;licm;Performance
1;0;0;0;0;0;0;0;0;1;0;210.34
1;1;0;0;0;0;0;0;0;0;0;234.68
1;1;1;0;0;0;1;1;1;0;0;241.016666666667
1;0;1;1;1;1;1;1;0;0;1;269.47
1;0;1;1;1;1;1;1;1;1;1;265.816666666667
1;0;1;1;0;0;0;0;0;1;0;224.49
1;0;1;1;1;0;0;0;0;1;0;225.34
1;1;0;1;0;1;1;0;1;0;0;234.653333333333
1;1;1;1;1;1;0;0;0;0;0;243.283333333333
1;1;1;0;1;1;1;0;1;0;1;250.596666666667
1;0;1;1;1;1;0;1;1;0;1;247.31
