time_passes;gvn;instcombine;inline;jump_threading;simplifycfg;sccp;print_used_types;ipsccp;iv_users;licm;Performance
1;1;0;0;0;0;0;0;0;0;1;267.426666666667
1;0;0;0;1;1;0;0;0;1;0;200.923333333333
1;0;0;0;1;1;0;0;0;0;1;218.073333333333
1;0;1;0;0;1;0;0;0;0;1;237.103333333333
1;0;1;0;1;1;1;0;0;0;0;232.66
1;1;0;0;0;1;1;0;0;0;1;237.89
1;1;1;1;1;1;0;1;1;0;1;262.94
1;1;1;0;0;0;0;0;1;1;1;248.69
1;0;0;0;0;0;0;1;1;1;1;214.326666666667
1;1;0;1;1;0;0;0;1;1;0;234.55
1;0;0;1;1;1;1;0;1;0;1;259.693333333333
1;0;0;0;0;0;1;1;0;0;0;202.386666666667
1;0;0;1;1;1;0;1;0;1;0;211.48
1;0;0;1;1;1;1;0;1;1;0;215.366666666667
1;0;1;0;0;0;0;1;1;0;0;217.286666666667
1;0;1;0;1;1;0;0;1;1;0;220.803333333333
1;0;1;1;1;1;0;0;0;1;0;226.746666666667
1;0;1;1;1;1;1;1;0;1;0;229.553333333333
1;1;0;0;0;1;1;0;1;0;0;224.336666666667
1;0;0;0;0;1;0;1;1;1;0;206.426666666667
1;1;1;0;0;1;0;1;1;0;0;239.366666666667
1;1;1;0;0;1;1;0;1;0;0;245.196666666667
1;0;0;0;1;0;0;1;1;0;0;200.82
1;0;0;0;1;0;0;1;0;1;0;204.05
1;1;0;1;0;0;0;1;1;0;0;231.036666666667
1;1;1;1;0;0;1;0;1;0;0;253.636666666667
1;1;1;1;0;0;1;0;1;1;0;249.81
1;1;1;1;0;1;1;1;1;1;0;256.183333333333
1;1;0;1;1;0;0;1;1;0;0;231.913333333333
1;1;0;1;1;1;0;1;1;0;0;234.336666666667
1;0;0;0;0;1;0;0;1;1;1;216.716666666667
1;0;0;0;1;1;0;1;0;0;1;215.02
1;0;0;1;0;0;0;0;1;1;1;246.126666666667
1;1;0;0;0;1;1;1;1;1;1;238.823333333333
1;1;0;1;0;0;1;1;0;1;1;246.086666666667
1;1;0;0;1;0;1;1;0;0;1;237.063333333333
1;1;0;1;1;0;0;0;1;1;1;247.373333333333
1;1;0;1;1;0;1;0;1;0;1;247.79
1;1;0;0;1;1;1;1;0;1;1;234.45
1;0;1;0;0;0;1;1;0;1;1;232.65
1;0;0;1;0;0;1;1;1;1;0;215.883333333333
1;0;1;0;1;0;0;0;1;1;1;233.23
1;0;0;1;1;0;0;0;1;0;0;211.273333333333
1;1;1;0;0;0;1;1;0;0;1;251.74
1;0;0;1;1;0;1;0;0;0;0;214.343333333333
1;1;1;0;1;0;1;1;0;0;1;251.323333333333
1;1;1;0;1;0;0;1;1;0;1;252.806666666667
1;1;1;0;0;1;0;0;1;0;1;251.933333333333
1;1;1;0;0;1;0;1;0;0;1;253.116666666667
1;1;1;0;1;1;1;1;1;0;1;251.813333333333
1;0;1;1;0;0;0;1;0;1;1;249.053333333333
1;1;1;1;0;1;1;0;0;0;1;267.28
1;1;1;1;0;1;1;1;1;1;1;268.416666666667
1;1;1;1;1;0;1;0;1;1;1;268.41
1;1;1;1;1;0;1;1;1;1;1;267.316666666667
