time_passes;gvn;instcombine;inline;jump_threading;simplifycfg;sccp;print_used_types;ipsccp;iv_users;licm;Performance
1;0;0;0;0;0;0;0;0;1;0;210.34
1;1;1;0;0;0;0;0;0;0;0;232.7
1;0;0;0;0;0;0;0;0;0;0;210.44
1;0;0;0;0;0;0;0;1;0;0;201.153333333333
1;1;1;1;1;1;1;0;0;0;1;252.683333333333
1;1;1;1;1;1;1;1;0;0;1;250.43
1;1;1;1;1;1;1;1;1;1;1;253.673333333333
1;0;1;0;1;1;1;1;0;1;0;220.82
1;1;1;1;0;0;0;0;1;0;0;251.58
1;1;1;1;1;0;0;0;0;1;0;246.733333333333
1;1;1;1;1;1;1;0;0;0;0;244.253333333333
