time_passes;gvn;instcombine;inline;jump_threading;simplifycfg;sccp;print_used_types;ipsccp;iv_users;licm;Performance
1;0;1;0;1;0;0;0;0;0;0;234.08
1;1;1;0;0;0;0;0;0;0;0;232.7
1;0;0;0;0;0;0;0;0;0;0;210.44
1;1;0;0;0;0;0;0;0;0;0;234.68
1;1;0;0;0;0;0;1;0;0;0;227.853333333333
1;0;1;0;0;0;0;1;0;0;0;221.376666666667
1;0;0;0;1;0;0;1;0;0;0;204.686666666667
1;1;1;1;1;1;0;1;1;1;1;267.51
1;1;1;1;1;1;1;1;1;1;1;253.673333333333
1;1;1;1;0;0;0;0;0;0;0;244.03
1;1;1;1;1;1;0;1;1;0;0;251.013333333333
