time_passes;gvn;instcombine;inline;jump_threading;simplifycfg;sccp;print_used_types;ipsccp;iv_users;licm;Performance
1;0;0;0;1;1;1;0;0;1;0;206.116666666667
1;1;0;0;0;1;0;1;1;0;0;229.313333333333
1;1;1;0;1;1;0;1;1;1;0;245.7
1;1;1;1;1;1;1;1;0;0;0;241.693333333333
1;1;0;0;0;0;1;1;1;1;1;237.896666666667
1;1;0;1;0;0;0;1;0;0;1;250.876666666667
1;1;0;0;1;0;1;1;0;1;1;233.12
1;1;1;0;0;1;1;1;1;1;1;252.77
1;1;1;1;0;0;0;0;0;0;1;253.15
1;1;1;1;0;0;1;0;0;1;1;261.09
1;1;1;1;0;1;1;1;1;0;1;263.716666666667
