time_passes;gvn;instcombine;inline;jump_threading;simplifycfg;sccp;print_used_types;ipsccp;iv_users;licm;Performance
1;0;1;1;0;1;1;0;0;0;0;231.39
1;1;1;0;1;0;0;1;0;0;0;246.026666666667
1;1;1;1;1;1;1;0;0;1;0;253.1
1;0;0;0;0;1;1;1;1;1;1;218.586666666667
1;1;0;0;0;1;0;1;1;0;1;237.47
1;1;0;1;0;0;1;0;0;1;1;246.376666666667
1;1;0;0;1;1;0;1;1;1;1;236.58
1;0;1;0;0;1;0;0;1;1;1;233.43
1;0;0;0;0;0;0;1;1;1;0;201.52
1;0;1;0;1;1;0;1;1;0;1;234.92
1;1;1;0;1;1;1;1;0;1;1;250.48
