time_passes;gvn;instcombine;inline;jump_threading;simplifycfg;sccp;print_used_types;ipsccp;iv_users;licm;Performance
1;1;0;0;1;0;0;0;0;0;0;232.2
1;0;1;0;1;1;0;0;0;0;1;235.91
1;1;1;0;0;0;1;0;0;0;0;244.5
1;1;1;1;1;0;0;0;0;0;0;243.783333333333
1;1;1;1;0;1;0;1;1;1;1;266.516666666667
1;1;1;1;1;1;0;1;1;1;1;267.51
1;1;1;1;1;1;1;1;1;1;1;253.673333333333
1;1;1;1;0;1;1;1;1;1;0;256.183333333333
1;1;1;1;1;1;1;1;1;1;0;245.343333333333
1;1;1;1;0;1;1;0;0;0;1;267.28
1;1;1;1;0;1;1;1;1;1;1;268.416666666667
