time_passes;gvn;instcombine;inline;jump_threading;simplifycfg;sccp;print_used_types;ipsccp;iv_users;licm;Performance
1;1;0;0;1;1;0;0;0;1;0;223.013333333333
1;1;1;0;1;1;0;0;0;0;1;254.073333333333
1;1;1;0;1;0;0;0;0;1;0;238.096666666667
1;1;1;0;0;1;1;0;0;0;1;255.013333333333
1;0;0;0;0;0;0;0;0;0;0;210.44
1;0;0;1;0;0;0;0;0;0;0;208.92
1;1;1;1;1;1;0;1;1;1;1;267.51
1;1;1;1;1;1;1;1;1;1;1;253.673333333333
1;0;1;1;0;1;0;0;0;1;0;226.13
1;1;1;1;1;1;1;1;1;0;0;240.543333333333
1;1;1;0;1;1;1;1;1;1;1;255.43
