time_passes;gvn;instcombine;inline;jump_threading;simplifycfg;sccp;print_used_types;ipsccp;iv_users;licm;Performance
1;0;0;0;0;1;0;0;0;1;0;200.38
1;0;0;0;0;0;0;0;1;1;0;202.233333333333
1;0;1;0;0;0;0;0;0;1;1;230.74
1;1;0;0;1;0;0;0;0;0;0;232.2
1;0;0;0;1;1;0;0;0;0;0;205.946666666667
1;1;0;0;0;1;0;0;0;0;0;230.74
1;1;0;0;1;1;0;0;0;0;0;229.856666666667
1;0;1;0;0;1;0;0;0;0;0;224.073333333333
1;0;1;0;1;0;0;0;0;0;0;234.08
1;0;1;0;1;0;0;0;0;0;1;237.696666666667
1;0;1;0;1;0;0;0;0;1;1;231.323333333333
1;0;1;0;1;1;0;0;0;1;1;233.003333333333
1;1;0;0;1;1;1;0;0;0;0;230.59
1;0;0;0;0;0;0;0;0;0;0;210.44
1;0;1;0;0;0;0;0;0;0;0;219.636666666667
1;0;1;1;0;1;0;0;0;0;1;252.266666666667
1;0;0;1;1;1;0;0;0;1;1;257.043333333333
1;0;0;0;0;1;1;1;0;0;0;203.19
1;0;0;1;1;1;0;0;1;0;0;213.096666666667
1;0;1;1;0;0;0;0;0;0;0;224.95
1;0;0;1;0;1;0;0;0;0;0;218.153333333333
1;0;0;0;1;0;0;1;0;0;0;204.686666666667
1;0;0;0;1;0;0;0;1;0;0;201.546666666667
1;0;0;0;0;1;0;1;0;0;0;207.12
1;0;0;0;0;0;1;1;0;0;0;202.386666666667
1;0;0;1;0;1;0;0;1;1;0;213.603333333333
1;0;0;1;1;1;0;0;0;0;0;216.373333333333
1;0;1;0;0;1;0;0;1;1;0;220.386666666667
1;0;1;1;0;0;0;0;0;1;0;224.49
1;0;1;1;0;0;0;0;1;1;0;227.4
1;0;1;1;0;1;0;0;0;0;0;230.536666666667
1;0;1;1;0;1;0;0;0;1;0;226.13
1;0;1;1;0;1;0;0;1;0;0;228.466666666667
1;0;1;1;0;1;0;0;1;1;0;230.466666666667
1;0;0;0;0;1;0;0;1;1;0;203.53
1;0;1;1;1;0;0;0;0;0;0;224.326666666667
1;0;1;1;1;1;0;0;0;0;0;223.773333333333
1;0;1;1;1;1;0;0;0;1;0;226.746666666667
1;0;1;1;1;1;0;0;1;0;0;228.973333333333
1;0;1;1;1;1;0;0;1;1;0;230.823333333333
1;1;0;0;0;1;1;1;0;0;0;227.443333333333
1;1;0;0;1;0;0;1;0;0;0;228.936666666667
1;1;0;0;1;1;0;1;0;0;0;227.94
1;1;0;0;1;0;1;1;0;0;0;231.796666666667
1;1;1;1;0;1;0;0;0;0;0;253.963333333333
1;0;0;0;1;1;0;0;1;0;0;203.933333333333
1;1;0;1;1;1;0;0;0;0;0;257.54
1;1;1;1;1;1;0;0;0;0;0;243.283333333333
1;0;0;0;1;0;1;1;0;0;0;207.89
1;0;0;0;1;1;1;1;0;0;0;204.513333333333
1;0;1;1;0;1;0;0;1;0;1;249.253333333333
1;0;1;1;1;0;0;0;0;0;1;269.516666666667
1;0;1;1;1;1;0;0;0;0;1;269.38
1;0;1;1;1;1;0;0;0;1;1;247.13
1;0;1;1;1;1;0;0;1;0;1;249.74
