time_passes;gvn;instcombine;inline;jump_threading;simplifycfg;sccp;print_used_types;ipsccp;iv_users;licm;Performance
1;0;0;0;0;0;1;0;0;1;0;200.66
1;1;0;0;0;1;0;0;0;0;0;230.74
1;0;1;0;0;1;1;0;0;1;0;222.186666666667
1;1;0;0;1;1;1;0;1;1;0;229.816666666667
1;1;0;1;0;0;1;0;0;0;0;239.976666666667
1;1;0;1;1;1;0;1;1;0;0;234.336666666667
1;1;0;1;0;1;0;0;0;1;1;245.79
1;1;0;1;1;0;1;0;1;0;1;247.79
1;0;1;0;1;1;0;1;1;1;1;235.96
1;1;1;0;0;1;1;1;1;0;1;253.57
1;1;1;1;0;0;0;0;1;1;1;260.326666666667
