time_passes;gvn;instcombine;inline;jump_threading;simplifycfg;sccp;print_used_types;ipsccp;iv_users;licm;Performance
1;0;1;0;0;1;1;0;0;1;0;222.186666666667
1;1;1;0;0;0;0;0;1;1;1;248.69
1;0;1;1;1;1;1;1;0;1;1;249.36
1;1;1;1;1;1;1;1;0;1;1;262.113333333333
1;0;0;1;0;1;1;1;0;0;0;218.233333333333
1;0;1;1;0;0;0;0;0;1;0;224.49
1;0;1;1;0;0;0;0;1;0;0;227.013333333333
1;0;1;0;1;1;0;0;1;0;0;220.37
1;1;0;0;0;1;1;1;1;1;0;230.653333333333
1;1;0;0;0;1;1;1;0;0;1;235.85
1;1;1;0;1;0;1;1;0;1;1;249.41
