time_passes;gvn;instcombine;inline;jump_threading;simplifycfg;sccp;print_used_types;ipsccp;iv_users;licm;Performance
1;1;0;0;1;0;1;0;0;1;1;232.493333333333
1;0;1;1;1;1;1;0;0;1;0;231.77
1;0;0;1;1;1;0;0;0;0;0;216.373333333333
1;0;0;1;1;1;0;0;1;1;0;215.733333333333
1;0;0;0;0;0;1;0;1;1;0;205.13
1;0;1;1;1;1;0;1;0;1;0;227.286666666667
1;0;1;1;1;1;1;0;1;1;0;231.326666666667
1;1;0;0;0;1;1;1;0;1;0;225.26
1;0;0;0;1;0;1;0;1;0;0;203.56
1;0;0;1;1;1;0;1;0;0;1;259.38
1;1;0;1;0;0;0;1;0;1;1;247.626666666667
