time_passes;gvn;instcombine;inline;jump_threading;simplifycfg;sccp;print_used_types;ipsccp;iv_users;licm;Performance
1;0;0;0;0;0;0;0;0;1;0;210.34
1;1;1;0;0;0;0;0;0;0;1;238.23
1;0;0;0;0;0;0;0;0;0;0;210.44
1;1;1;1;1;1;0;0;0;0;1;251.803333333333
1;1;1;1;1;1;1;1;0;0;1;250.43
1;0;1;0;1;1;0;0;1;1;0;220.803333333333
1;1;1;0;1;1;0;1;1;1;0;245.7
1;1;0;1;1;0;1;1;1;1;0;242.5
1;1;1;1;1;0;0;0;1;0;0;253.153333333333
1;1;1;1;1;1;1;1;0;0;0;241.693333333333
1;1;1;1;0;0;0;0;0;0;1;253.15
