time_passes;gvn;instcombine;inline;jump_threading;simplifycfg;sccp;print_used_types;ipsccp;iv_users;licm;Performance
1;0;0;0;0;0;0;1;1;1;1;214.326666666667
1;1;1;1;1;1;1;0;0;1;1;264.743333333333
1;0;1;0;1;0;1;0;1;1;0;222.366666666667
1;0;1;1;1;0;1;0;1;1;0;230.14
1;1;1;0;0;0;1;1;0;0;0;242.786666666667
1;1;0;1;0;1;1;1;0;0;0;237.69
1;1;0;1;1;0;0;0;0;1;0;231.33
1;1;1;1;1;0;0;0;1;1;0;249.386666666667
1;1;1;1;1;0;1;0;0;1;0;251.41
1;1;0;1;1;1;0;0;1;1;0;236.95
1;0;0;1;1;0;0;1;0;0;0;216.836666666667
