time_passes;gvn;instcombine;inline;jump_threading;simplifycfg;sccp;print_used_types;ipsccp;iv_users;licm;Performance
1;1;0;0;0;0;0;0;0;0;1;267.426666666667
1;1;1;0;0;0;1;0;0;0;0;244.5
1;0;0;0;0;1;0;0;0;0;0;206.9
1;1;1;1;1;1;0;0;0;0;1;251.803333333333
1;1;1;1;1;1;0;1;1;1;1;267.51
1;1;1;1;1;1;1;1;1;1;1;253.673333333333
1;1;1;1;0;0;0;0;1;0;0;251.58
1;1;1;1;1;0;1;0;0;0;0;254.336666666667
1;1;1;1;1;1;0;1;0;1;0;248.81
1;1;1;1;1;1;0;1;1;1;0;255.873333333333
1;1;1;0;1;0;1;1;0;0;1;251.323333333333
