time_passes;gvn;instcombine;inline;jump_threading;simplifycfg;sccp;print_used_types;ipsccp;iv_users;licm;Performance
1;0;0;0;0;0;0;0;0;1;0;210.34
1;0;0;0;0;0;0;0;0;0;0;210.44
1;0;0;0;0;0;1;0;0;0;0;204.986666666667
1;1;1;1;1;1;0;0;0;0;1;251.803333333333
1;1;1;1;1;1;0;1;1;1;1;267.51
1;1;1;1;1;1;1;1;0;0;1;250.43
1;1;1;1;1;1;1;1;1;1;1;253.673333333333
1;1;1;1;0;0;0;0;0;0;0;244.03
1;1;1;1;1;1;1;0;0;1;0;253.1
1;1;1;1;1;1;1;1;1;1;0;245.343333333333
1;1;0;1;0;1;1;0;1;0;1;248.603333333333
