time_passes;gvn;instcombine;inline;jump_threading;simplifycfg;sccp;print_used_types;ipsccp;iv_users;licm;Performance
1;0;0;0;0;0;1;0;1;0;1;216.223333333333
1;0;1;0;1;0;0;1;0;1;0;220.863333333333
1;0;0;1;1;0;0;1;0;0;1;264.736666666667
1;1;0;1;0;0;0;0;0;0;0;248.016666666667
1;1;0;1;0;0;0;1;1;1;0;235.92
1;1;0;1;1;0;0;1;1;1;0;236.84
1;0;0;0;0;1;1;1;0;1;1;216.27
1;0;0;1;1;1;0;0;1;1;1;263.776666666667
1;0;0;1;0;1;1;0;0;0;1;265.69
1;0;1;0;0;0;0;0;1;0;1;231.996666666667
1;1;1;1;0;1;0;1;0;1;1;259.76
