time_passes;gvn;instcombine;inline;jump_threading;simplifycfg;sccp;print_used_types;ipsccp;iv_users;licm;Performance
1;0;0;0;0;0;0;0;0;0;0;210.44
1;1;0;0;0;0;0;0;0;0;0;234.68
1;1;0;1;0;1;1;1;0;0;1;250.566666666667
1;1;1;1;1;1;0;0;0;0;1;251.803333333333
1;1;1;1;1;1;1;0;1;1;1;269.47
1;1;1;1;1;1;1;1;1;1;1;253.673333333333
1;1;1;0;0;0;0;0;1;0;0;240.163333333333
1;1;1;1;1;1;0;0;0;0;0;243.283333333333
1;1;1;1;1;1;1;0;1;1;0;257.17
1;0;0;0;1;1;0;1;0;1;1;215.183333333333
1;1;0;1;0;1;0;0;0;1;1;245.79
