time_passes;gvn;instcombine;inline;jump_threading;simplifycfg;sccp;print_used_types;ipsccp;iv_users;licm;Performance
1;0;0;0;0;0;0;0;0;0;0;210.44
1;1;0;0;0;0;0;0;0;0;0;234.68
1;0;1;1;1;1;1;0;0;0;1;268.55
1;1;1;1;1;1;1;0;1;1;1;269.47
1;1;1;1;1;1;1;1;1;1;1;253.673333333333
1;1;1;1;0;0;0;0;0;0;0;244.03
1;1;1;1;1;1;0;0;0;0;0;243.283333333333
1;1;1;1;1;1;1;0;0;0;0;244.253333333333
1;1;1;1;1;1;1;0;1;1;0;257.17
1;0;1;1;1;0;0;0;0;1;1;245.793333333333
1;0;1;1;1;1;0;0;0;0;1;269.38
