time_passes;gvn;instcombine;inline;jump_threading;simplifycfg;sccp;print_used_types;ipsccp;iv_users;licm;Performance
1;0;1;0;1;1;1;0;0;0;0;232.66
1;1;0;0;0;0;1;0;0;1;1;230.466666666667
1;1;0;0;0;0;0;0;1;0;0;224.43
1;0;1;1;0;0;1;1;1;0;0;230.686666666667
1;0;1;1;1;1;0;1;1;1;0;231.196666666667
1;1;1;1;0;1;0;0;0;1;0;246.94
1;1;1;1;1;0;0;0;1;1;0;249.386666666667
1;1;0;1;0;1;0;0;1;1;1;249.3
1;1;0;1;1;0;0;1;1;1;1;251.25
1;1;1;0;0;0;0;1;0;0;1;252.18
1;0;1;1;0;0;1;0;1;1;1;251.236666666667
