time_passes;gvn;instcombine;inline;jump_threading;simplifycfg;sccp;print_used_types;ipsccp;iv_users;licm;Performance
1;0;0;0;0;0;0;0;0;0;0;210.44
1;1;1;1;1;1;1;1;1;1;1;253.673333333333
1;1;0;1;0;0;0;1;0;0;0;238.62
1;1;0;1;0;1;0;1;0;0;0;242.546666666667
1;1;1;1;0;0;0;0;0;0;0;244.03
1;1;1;1;0;1;0;0;0;0;0;253.963333333333
1;1;1;1;0;1;0;0;1;0;0;252.14
1;1;1;1;0;0;1;0;1;0;0;253.636666666667
1;1;1;1;0;1;1;0;0;0;0;255.023333333333
1;1;1;1;0;1;1;1;1;0;0;251
1;1;1;1;0;1;1;1;1;1;0;256.183333333333
