time_passes;gvn;instcombine;inline;jump_threading;simplifycfg;sccp;print_used_types;ipsccp;iv_users;licm;Performance
1;1;1;1;1;1;1;0;1;1;1;269.47
1;0;1;1;1;1;1;1;1;1;1;265.816666666667
1;1;1;1;1;1;1;1;1;1;1;253.673333333333
1;0;1;1;1;1;1;1;1;0;0;223.52
1;0;1;0;1;1;1;1;1;1;0;232.96
1;1;1;0;1;0;1;1;0;1;0;240.406666666667
1;1;1;1;0;0;0;0;0;0;0;244.03
1;1;1;1;1;1;1;0;0;0;0;244.253333333333
1;0;0;1;0;1;1;0;1;0;1;261.076666666667
1;1;1;1;0;0;0;1;0;1;1;261.436666666667
1;0;1;1;1;1;0;0;0;0;1;269.38
