time_passes;gvn;instcombine;inline;jump_threading;simplifycfg;sccp;print_used_types;ipsccp;iv_users;licm;Performance
1;0;1;1;0;1;1;1;1;0;1;249.826666666667
1;1;1;1;0;0;0;0;0;0;0;244.03
1;0;0;0;0;1;1;1;1;1;1;218.586666666667
1;0;0;0;1;1;0;1;0;0;1;215.02
1;0;0;1;0;1;0;0;1;0;1;258.16
1;1;0;1;0;0;1;1;0;1;1;246.086666666667
1;0;0;1;0;0;0;1;0;1;0;212.936666666667
1;1;0;1;1;0;0;0;0;1;1;245.21
1;1;0;1;1;1;1;1;1;1;1;241.226666666667
1;0;1;1;0;1;0;0;1;0;1;249.253333333333
1;0;1;1;1;1;0;0;0;0;1;269.38
