time_passes;gvn;instcombine;inline;jump_threading;simplifycfg;sccp;print_used_types;ipsccp;iv_users;licm;Performance
1;1;0;1;0;1;1;1;1;0;1;250.04
1;0;1;0;0;0;0;1;0;0;0;221.376666666667
1;0;1;1;0;1;1;0;0;0;0;231.39
1;0;1;1;0;1;1;1;0;0;0;229.123333333333
1;0;0;0;0;1;1;1;0;1;0;203.19
1;1;1;0;1;1;0;1;1;1;0;245.7
1;1;1;1;1;0;1;1;1;0;0;250.493333333333
1;0;0;0;1;1;1;1;1;0;1;219.05
1;1;1;0;0;0;1;1;1;1;1;253.506666666667
1;0;1;1;0;0;1;0;0;1;1;247.253333333333
1;1;1;1;1;0;0;0;1;0;1;266.11
