time_passes;gvn;instcombine;inline;jump_threading;simplifycfg;sccp;print_used_types;ipsccp;iv_users;licm;Performance
1;0;0;0;0;0;0;0;0;0;0;210.44
1;1;0;0;0;0;0;0;0;0;0;234.68
1;1;0;1;0;0;0;0;0;0;0;248.016666666667
1;0;0;1;0;1;0;0;0;0;0;218.153333333333
1;1;1;1;1;1;1;1;1;1;1;253.673333333333
1;1;0;1;1;1;0;0;0;0;0;257.54
1;1;0;1;1;1;1;0;0;0;0;256.97
1;0;0;1;1;1;0;0;0;0;1;264.51
1;0;0;1;1;1;1;0;0;0;1;266.026666666667
1;0;1;1;1;0;0;0;0;0;1;269.516666666667
1;0;1;1;1;1;0;0;0;0;1;269.38
