time_passes;gvn;instcombine;inline;jump_threading;simplifycfg;sccp;print_used_types;ipsccp;iv_users;licm;Performance
1;0;0;0;0;0;0;0;0;1;0;210.34
1;1;1;0;0;0;1;0;0;0;0;244.5
1;0;0;0;0;0;0;0;0;0;0;210.44
1;0;0;0;0;0;0;0;1;0;0;201.153333333333
1;0;0;0;0;0;0;0;0;0;1;258.826666666667
1;1;1;1;1;1;0;1;1;1;1;267.51
1;1;1;1;1;1;1;0;1;1;1;269.47
1;1;1;1;1;1;0;1;1;1;0;255.873333333333
1;1;1;1;1;1;1;0;0;0;0;244.253333333333
1;0;0;1;1;1;1;1;0;0;1;263.043333333333
1;1;1;0;1;0;1;1;0;0;1;251.323333333333
