time_passes;gvn;instcombine;inline;jump_threading;simplifycfg;sccp;print_used_types;ipsccp;iv_users;licm;Performance
1;0;1;0;0;1;0;0;0;0;0;224.073333333333
1;1;1;0;0;0;0;0;0;0;0;232.7
1;1;0;0;0;0;0;0;0;0;0;234.68
1;0;0;0;0;1;0;0;0;0;0;206.9
1;1;1;1;1;0;0;0;0;0;0;243.783333333333
1;0;1;1;1;1;1;0;0;0;1;268.55
1;1;1;1;1;1;1;1;1;1;1;253.673333333333
1;1;1;1;0;0;0;0;0;0;0;244.03
1;1;1;1;1;1;1;0;0;0;0;244.253333333333
1;1;1;1;1;1;1;1;1;0;0;240.543333333333
1;0;1;1;1;1;0;0;0;1;1;247.13
