time_passes;gvn;instcombine;inline;jump_threading;simplifycfg;sccp;print_used_types;ipsccp;iv_users;licm;Performance
1;1;1;0;1;0;1;0;0;0;0;244.49
1;0;0;0;0;0;0;0;0;0;0;210.44
1;1;0;0;0;0;0;0;0;0;0;234.68
1;1;1;1;1;0;0;0;0;0;0;243.783333333333
1;1;0;1;1;1;0;0;1;0;0;240.073333333333
1;1;1;1;1;1;1;0;1;1;1;269.47
1;0;1;1;1;1;1;1;1;1;1;265.816666666667
1;1;1;1;1;1;1;1;1;1;1;253.673333333333
1;0;1;1;1;0;1;0;0;0;0;230.08
1;1;1;1;0;0;1;0;0;0;0;255.473333333333
1;1;1;1;1;1;0;0;0;0;0;243.283333333333
