time_passes;gvn;instcombine;inline;jump_threading;simplifycfg;sccp;print_used_types;ipsccp;iv_users;licm;Performance
1;0;1;0;1;0;1;0;0;1;0;218.726666666667
1;1;1;1;0;1;1;0;1;1;0;255.47
1;1;0;1;0;0;0;1;1;1;1;248.403333333333
1;0;1;0;1;1;1;0;1;1;1;235.78
1;0;1;1;0;1;1;0;0;0;0;231.39
1;0;1;1;1;1;0;1;0;1;0;227.286666666667
1;1;0;0;1;0;0;1;0;1;0;225.686666666667
1;1;1;0;1;0;0;0;1;1;0;240.22
1;1;0;1;0;0;1;0;0;0;1;253.983333333333
1;1;1;1;0;1;1;1;0;1;1;261.676666666667
1;0;1;1;1;1;0;0;0;0;1;269.38
