time_passes;gvn;instcombine;inline;jump_threading;simplifycfg;sccp;print_used_types;ipsccp;iv_users;licm;Performance
1;1;1;0;0;0;0;0;0;0;1;238.23
1;0;0;0;0;0;0;0;0;0;0;210.44
1;1;1;1;1;1;1;1;0;0;1;250.43
1;0;1;1;1;1;1;1;1;0;1;267.173333333333
1;1;1;1;1;1;1;1;1;1;1;253.673333333333
1;1;0;1;1;0;0;0;1;0;0;237.496666666667
1;1;1;1;1;1;0;0;0;0;0;243.283333333333
1;1;1;1;1;1;0;0;0;1;0;248.536666666667
1;1;1;1;1;1;1;0;0;1;0;253.1
1;1;1;1;1;1;1;1;1;1;0;245.343333333333
1;1;0;1;0;1;0;0;0;1;1;245.79
