time_passes;gvn;instcombine;inline;jump_threading;simplifycfg;sccp;print_used_types;ipsccp;iv_users;licm;Performance
1;0;0;0;0;0;1;0;0;1;0;200.66
1;0;1;0;1;1;0;0;0;0;1;235.91
1;0;1;1;1;1;1;0;0;0;1;268.55
1;1;1;1;1;1;1;0;0;1;1;264.743333333333
1;1;1;0;1;1;1;1;0;1;0;241.78
1;0;0;0;0;0;1;1;1;1;1;218.403333333333
1;0;0;0;1;1;0;1;1;1;1;218.503333333333
1;1;0;1;1;0;0;0;0;0;1;239.963333333333
1;0;1;0;1;1;0;1;1;1;1;235.96
1;0;1;1;0;1;0;0;1;0;1;249.253333333333
1;0;1;1;0;1;1;0;0;0;1;250.243333333333
