time_passes;gvn;instcombine;inline;jump_threading;simplifycfg;sccp;print_used_types;ipsccp;iv_users;licm;Performance
1;0;1;0;1;1;0;0;0;1;1;233.003333333333
1;1;1;0;0;0;1;0;0;0;0;244.5
1;1;1;1;1;1;0;1;1;1;1;267.51
1;1;1;1;1;1;1;0;1;1;1;269.47
1;1;1;1;1;1;1;1;1;0;1;252.446666666667
1;1;1;1;1;1;1;1;1;1;1;253.673333333333
1;1;0;1;0;1;1;1;1;0;0;237.036666666667
1;1;1;1;1;1;0;1;0;0;0;254.89
1;1;1;1;1;1;1;1;1;1;0;245.343333333333
1;0;0;1;0;0;1;0;0;1;0;210.706666666667
1;1;1;1;1;0;0;0;0;0;1;252.5
