time_passes;gvn;instcombine;inline;jump_threading;simplifycfg;sccp;print_used_types;ipsccp;iv_users;licm;Performance
1;0;0;0;1;0;1;0;0;1;1;214.886666666667
1;1;0;1;1;1;0;1;1;1;1;253.74
1;0;0;0;0;0;0;1;0;0;1;216.636666666667
1;0;1;0;0;0;1;1;0;1;0;218.89
1;1;1;1;1;1;0;0;1;1;0;252.14
1;1;0;1;1;1;1;0;1;0;0;242.456666666667
1;1;0;1;1;1;0;0;1;0;1;251.033333333333
1;1;1;0;1;1;1;1;0;0;1;252.873333333333
1;0;0;1;1;0;0;1;0;1;0;209.84
1;0;1;1;0;1;1;1;0;0;1;247.873333333333
1;1;1;1;1;0;0;1;1;1;1;264.6
