time_passes;gvn;instcombine;inline;jump_threading;simplifycfg;sccp;print_used_types;ipsccp;iv_users;licm;Performance
1;1;1;0;0;0;0;0;0;0;0;232.7
1;0;1;0;1;1;0;0;0;1;1;233.003333333333
1;0;0;0;0;0;0;0;0;0;0;210.44
1;1;1;1;1;0;0;0;0;0;0;243.783333333333
1;0;1;1;1;1;1;1;0;1;1;249.36
1;0;1;1;1;1;1;1;1;0;1;267.173333333333
1;1;1;1;0;0;0;0;0;0;0;244.03
1;1;1;1;1;1;0;0;0;0;0;243.283333333333
1;1;1;1;1;1;1;1;1;0;0;240.543333333333
1;1;1;1;1;1;1;1;1;1;0;245.343333333333
1;0;1;1;1;1;0;0;0;0;1;269.38
