time_passes;gvn;instcombine;inline;jump_threading;simplifycfg;sccp;print_used_types;ipsccp;iv_users;licm;Performance
1;1;0;1;0;1;1;0;1;1;0;240.986666666667
1;0;0;1;0;1;1;0;0;0;0;217.236666666667
1;0;1;1;0;1;0;1;0;1;0;226.57
1;0;0;0;1;0;0;1;1;0;0;200.82
1;0;0;1;1;0;1;1;1;0;1;262.483333333333
1;0;0;1;1;0;1;1;1;1;1;264.29
1;1;0;1;0;1;0;1;0;1;1;245.563333333333
1;1;0;1;0;0;1;0;1;1;1;248.783333333333
1;1;0;1;1;0;0;1;1;1;1;251.25
1;0;1;0;0;1;1;1;1;1;1;236.17
1;0;1;1;0;0;0;0;1;0;1;247.466666666667
