time_passes;gvn;instcombine;inline;jump_threading;simplifycfg;sccp;print_used_types;ipsccp;iv_users;licm;Performance
1;1;0;0;1;0;0;0;0;1;1;230.79
1;0;1;0;0;1;0;0;0;0;0;224.073333333333
1;1;1;0;0;0;0;0;0;0;0;232.7
1;1;1;0;0;0;0;0;0;0;1;238.23
1;1;0;0;0;0;0;1;0;0;0;227.853333333333
1;1;1;1;1;1;0;1;1;1;1;267.51
1;1;1;1;1;1;1;1;1;0;1;252.446666666667
1;1;1;1;1;0;1;0;0;0;0;254.336666666667
1;1;1;1;1;1;1;1;1;1;0;245.343333333333
1;0;0;1;0;0;0;0;1;0;1;243.793333333333
1;1;1;1;0;0;0;0;0;0;1;253.15
