time_passes;gvn;instcombine;inline;jump_threading;simplifycfg;sccp;print_used_types;ipsccp;iv_users;licm;Performance
1;0;0;0;1;0;0;0;0;0;1;220.08
1;0;1;0;1;0;0;0;0;0;0;234.08
1;0;0;0;0;0;0;0;0;0;0;210.44
1;0;1;0;0;0;0;0;0;0;0;219.636666666667
1;0;1;1;0;0;0;0;0;0;0;224.95
1;0;0;1;1;0;0;0;0;0;0;217.29
1;0;0;0;0;0;0;0;1;0;1;213.266666666667
1;0;1;1;1;0;0;0;0;0;0;224.326666666667
1;0;1;1;1;0;0;0;1;0;0;227.75
1;0;0;0;1;0;0;0;1;0;1;213.86
1;0;0;1;1;0;0;0;1;0;1;257.17
