time_passes;gvn;instcombine;inline;jump_threading;simplifycfg;sccp;print_used_types;ipsccp;iv_users;licm;Performance
1;1;1;0;0;0;0;0;0;0;0;232.7
1;0;1;0;0;0;0;0;0;0;1;257.333333333333
1;1;1;0;0;0;0;0;0;0;1;238.23
1;1;1;1;1;1;0;1;1;1;1;267.51
1;1;1;1;1;1;1;1;1;1;1;253.673333333333
1;1;1;0;1;1;1;1;1;1;0;247.166666666667
1;1;0;1;1;0;1;1;0;1;0;235.03
1;1;1;1;1;1;1;0;0;0;0;244.253333333333
1;1;1;1;1;1;1;1;1;1;0;245.343333333333
1;0;0;1;1;0;0;0;0;0;1;266.323333333333
1;1;1;0;1;1;1;1;1;1;1;255.43
