time_passes;gvn;instcombine;inline;jump_threading;simplifycfg;sccp;print_used_types;ipsccp;iv_users;licm;Performance
1;1;1;1;1;0;1;0;1;1;0;255.39
1;0;0;1;1;1;0;1;0;0;0;212.713333333333
1;0;0;1;0;1;1;0;1;1;0;215.943333333333
1;1;0;1;0;1;1;1;1;1;0;241.57
1;1;1;1;0;1;1;0;0;0;0;255.023333333333
1;1;0;1;1;0;1;1;1;0;0;237.523333333333
1;0;0;1;0;1;0;0;0;0;1;266.19
1;0;0;1;1;1;0;0;1;1;1;263.776666666667
1;1;0;0;1;0;0;1;0;1;1;234.24
1;1;0;0;1;1;1;1;0;1;1;234.45
1;0;1;1;0;1;1;1;0;1;1;248.65
