time_passes;gvn;instcombine;inline;jump_threading;simplifycfg;sccp;print_used_types;ipsccp;iv_users;licm;Performance
1;1;1;0;1;1;0;0;0;1;1;249.036666666667
1;1;1;1;0;1;0;0;1;0;1;264.47
1;0;0;1;1;1;0;0;0;1;1;257.043333333333
1;1;0;1;0;1;1;0;1;1;0;240.986666666667
1;0;0;1;0;1;1;1;1;0;0;215.47
1;1;1;0;1;0;0;0;1;1;0;240.22
1;1;1;1;0;0;0;1;0;1;0;248.97
1;1;1;1;1;1;1;0;1;1;0;257.17
1;1;0;1;1;1;1;1;0;0;1;238.273333333333
1;0;1;0;0;1;0;1;1;0;1;234.25
1;1;1;0;1;1;0;0;1;0;1;252.276666666667
