time_passes;gvn;instcombine;inline;jump_threading;simplifycfg;sccp;print_used_types;ipsccp;iv_users;licm;Performance
1;0;0;0;1;1;0;0;0;1;1;214.243333333333
1;0;0;0;0;0;0;0;0;0;0;210.44
1;1;0;0;0;0;0;0;0;0;0;234.68
1;1;1;1;1;1;1;0;1;1;1;269.47
1;0;1;1;1;1;1;1;1;1;1;265.816666666667
1;1;1;1;1;1;1;1;1;1;1;253.673333333333
1;0;1;0;1;1;1;0;1;0;0;222.163333333333
1;1;0;0;1;1;0;1;0;0;0;227.94
1;1;1;1;0;0;0;1;0;0;0;253.053333333333
1;1;1;1;1;0;0;0;1;0;0;253.153333333333
1;0;0;1;0;1;0;1;0;0;1;263.58
