time_passes;gvn;instcombine;inline;jump_threading;simplifycfg;sccp;print_used_types;ipsccp;iv_users;licm;Performance
1;1;0;0;1;0;0;0;0;1;1;230.79
1;1;1;0;0;0;0;0;0;1;0;234.87
1;0;0;0;0;0;0;0;0;0;0;210.44
1;1;0;0;0;0;0;0;0;0;0;234.68
1;0;0;0;0;1;0;0;0;0;0;206.9
1;1;1;1;1;1;1;0;1;0;1;263.586666666667
1;1;1;1;0;0;0;0;0;1;0;244.91
1;1;1;1;1;1;0;0;1;0;0;253.653333333333
1;1;1;1;1;1;1;1;0;0;0;241.693333333333
1;1;0;1;1;1;0;1;1;0;1;249.046666666667
1;1;1;1;0;1;0;1;1;0;1;261.846666666667
