time_passes;gvn;instcombine;inline;jump_threading;simplifycfg;sccp;print_used_types;ipsccp;iv_users;licm;Performance
1;1;1;0;0;0;0;0;0;1;0;234.87
1;0;0;0;0;0;1;0;0;0;0;204.986666666667
1;0;1;0;0;1;0;1;0;1;1;231.63
1;0;0;0;1;0;0;1;0;0;0;204.686666666667
1;0;1;1;1;0;1;0;1;1;0;230.14
1;0;1;1;1;1;1;1;0;0;0;222.626666666667
1;1;1;0;1;1;0;0;1;1;0;242.736666666667
1;0;0;1;0;0;0;1;1;1;0;210.236666666667
1;0;1;0;1;0;0;1;1;0;1;231.756666666667
1;0;1;0;1;1;1;0;1;0;1;234.56
1;0;1;1;1;1;0;1;1;0;1;247.31
