time_passes;gvn;instcombine;inline;jump_threading;simplifycfg;sccp;print_used_types;ipsccp;iv_users;licm;Performance
1;1;1;0;0;0;0;0;0;0;0;232.7
1;1;1;0;0;0;0;0;0;0;1;238.23
1;0;0;0;0;0;0;0;0;0;0;210.44
1;1;1;1;0;0;0;0;0;1;0;244.91
1;1;1;1;1;1;0;1;1;1;0;255.873333333333
1;1;1;1;1;1;1;1;0;1;0;250.863333333333
1;1;1;1;1;1;1;1;1;0;0;240.543333333333
1;1;1;1;1;1;1;1;1;1;0;245.343333333333
1;0;0;1;0;1;1;0;1;0;1;261.076666666667
1;0;0;1;1;1;1;0;0;0;1;266.026666666667
1;1;1;1;1;0;0;0;0;0;1;252.5
