time_passes;gvn;instcombine;inline;jump_threading;simplifycfg;sccp;print_used_types;ipsccp;iv_users;licm;Performance
1;0;0;0;0;0;1;0;0;0;0;204.986666666667
1;0;0;0;0;0;0;0;1;0;0;201.153333333333
1;0;1;1;0;1;0;1;1;1;1;251.913333333333
1;1;1;1;1;1;0;0;1;1;1;263.82
1;1;1;1;1;1;1;1;1;1;1;253.673333333333
1;1;1;1;0;0;1;0;0;0;0;255.473333333333
1;1;0;1;1;0;1;0;0;0;0;240.826666666667
1;1;1;1;1;1;0;1;0;0;0;254.89
1;1;1;1;1;1;0;1;0;1;0;248.81
1;0;0;1;1;0;1;1;1;1;1;264.29
1;1;1;1;1;0;0;0;0;0;1;252.5
