time_passes;gvn;instcombine;inline;jump_threading;simplifycfg;sccp;print_used_types;ipsccp;iv_users;licm;Performance
1;1;1;0;0;0;0;0;0;0;0;232.7
1;1;1;0;0;1;0;0;0;0;0;246.756666666667
1;0;0;0;0;0;0;0;0;0;0;210.44
1;0;0;0;0;0;0;0;0;0;1;258.826666666667
1;1;1;1;1;1;1;1;1;1;1;253.673333333333
1;1;1;1;0;0;0;0;1;0;0;251.58
1;1;1;1;1;0;0;0;0;1;0;246.733333333333
1;1;1;1;1;1;1;1;0;0;0;241.693333333333
1;1;1;1;1;1;1;1;1;1;0;245.343333333333
1;0;0;1;0;1;0;0;0;0;1;266.19
1;1;0;0;1;0;0;0;1;0;1;235.21
