time_passes;gvn;instcombine;inline;jump_threading;simplifycfg;sccp;print_used_types;ipsccp;iv_users;licm;Performance
1;0;1;0;1;0;0;0;1;1;0;219.746666666667
1;1;0;1;0;1;0;1;1;1;0;239.32
1;1;0;1;1;0;0;0;1;0;0;237.496666666667
1;1;1;1;1;0;1;1;0;0;0;252.06
1;1;0;1;1;1;0;0;1;1;0;236.95
1;0;0;0;1;0;1;1;0;0;0;207.89
1;0;0;1;0;1;1;1;1;1;1;267.07
1;1;0;0;1;0;0;1;0;0;1;237.333333333333
1;0;0;1;0;0;0;1;0;1;0;212.936666666667
1;1;0;1;1;0;0;0;0;1;1;245.21
1;0;1;1;0;0;0;1;1;0;1;245.496666666667
