time_passes;gvn;instcombine;inline;jump_threading;simplifycfg;sccp;print_used_types;ipsccp;iv_users;licm;Performance
1;0;0;0;0;0;0;0;0;1;0;210.34
1;1;0;0;0;0;0;0;0;0;1;267.426666666667
1;0;1;0;0;1;0;0;0;0;0;224.073333333333
1;1;1;0;0;0;0;0;0;0;0;232.7
1;1;1;0;0;0;0;0;0;1;0;234.87
1;1;0;0;0;0;1;0;0;0;0;229.166666666667
1;0;0;0;0;0;1;0;0;0;1;217.396666666667
1;0;0;0;0;0;0;0;0;0;0;210.44
1;1;1;1;1;1;0;1;1;1;1;267.51
1;1;1;1;1;1;1;1;1;1;1;253.673333333333
1;1;1;1;1;1;0;1;1;0;0;251.013333333333
