time_passes;gvn;instcombine;inline;jump_threading;simplifycfg;sccp;print_used_types;ipsccp;iv_users;licm;Performance
1;1;0;0;1;0;0;0;0;1;1;230.79
1;1;0;0;0;1;1;0;0;0;0;229.676666666667
1;0;1;0;1;0;1;0;0;1;1;233.416666666667
1;1;1;1;0;1;0;0;1;0;1;264.47
1;0;1;1;1;1;0;1;0;0;1;250.613333333333
1;0;1;1;0;0;0;1;0;1;0;228.646666666667
1;1;1;0;1;1;0;1;1;1;0;245.7
1;0;0;0;1;0;1;0;1;1;0;205.086666666667
1;0;1;0;0;1;1;1;0;1;1;232.99
1;0;1;0;0;1;1;1;1;1;1;236.17
1;0;1;0;1;0;1;0;1;0;1;234.466666666667
