time_passes;gvn;instcombine;inline;jump_threading;simplifycfg;sccp;print_used_types;ipsccp;iv_users;licm;Performance
1;0;0;0;0;0;0;0;1;1;0;202.233333333333
1;1;1;0;1;0;1;0;0;1;1;251.01
1;0;1;1;0;1;1;0;1;0;0;228.266666666667
1;0;0;0;0;1;1;1;1;1;0;206.35
1;1;0;1;0;0;1;1;0;0;0;238.78
1;0;0;0;1;1;0;0;1;0;1;216.296666666667
1;0;0;1;1;0;1;1;0;1;1;260.823333333333
1;1;0;0;0;1;1;1;0;0;1;235.85
1;1;0;1;0;1;0;0;1;0;1;250.26
1;1;0;1;1;0;1;0;1;0;1;247.79
1;0;0;1;1;0;1;0;0;1;0;215.313333333333
