time_passes;gvn;instcombine;inline;jump_threading;simplifycfg;sccp;print_used_types;ipsccp;iv_users;licm;Performance
1;0;0;0;0;0;0;0;1;0;1;213.266666666667
1;1;1;0;1;0;0;1;1;0;0;244.26
1;0;0;0;1;0;0;1;1;0;0;200.82
1;0;0;1;0;1;0;0;1;0;1;258.16
1;1;0;1;0;1;0;1;1;1;1;252.746666666667
1;0;0;1;0;0;0;1;1;0;0;208.37
1;1;0;0;1;0;1;1;0;1;1;233.12
1;1;0;1;1;0;0;1;1;0;1;252.036666666667
1;0;1;1;0;1;1;1;0;1;1;248.65
1;1;1;1;0;0;0;1;1;0;1;258.023333333333
1;1;1;1;1;0;0;0;0;1;1;260.166666666667
