time_passes;gvn;instcombine;inline;jump_threading;simplifycfg;sccp;print_used_types;ipsccp;iv_users;licm;Performance
1;1;1;0;0;0;0;0;0;0;1;238.23
1;0;1;0;1;1;1;0;0;1;1;236.346666666667
1;0;0;0;0;0;0;0;0;0;0;210.44
1;0;0;0;0;0;0;0;1;0;0;201.153333333333
1;1;0;0;0;0;0;0;1;0;0;224.43
1;1;1;1;1;1;0;1;1;1;1;267.51
1;1;1;1;1;1;1;0;0;0;1;252.683333333333
1;1;1;1;1;1;1;1;0;1;1;262.113333333333
1;1;1;1;0;0;0;0;1;0;0;251.58
1;1;1;1;1;1;1;0;0;0;0;244.253333333333
1;1;1;1;1;1;1;1;0;1;0;250.863333333333
