time_passes;gvn;instcombine;inline;jump_threading;simplifycfg;sccp;print_used_types;ipsccp;iv_users;licm;Performance
1;0;0;0;0;0;0;0;0;1;0;210.34
1;1;0;0;0;0;0;0;0;0;1;267.426666666667
1;0;0;0;0;0;0;0;0;0;0;210.44
1;0;0;0;0;1;0;0;0;0;0;206.9
1;1;0;0;0;0;0;1;0;0;0;227.853333333333
1;1;0;0;0;0;0;0;1;0;0;224.43
1;1;1;1;1;1;1;1;1;1;1;253.673333333333
1;1;1;1;0;0;0;0;0;0;0;244.03
1;1;1;1;1;1;1;1;0;0;0;241.693333333333
1;1;1;1;1;1;1;1;1;1;0;245.343333333333
1;1;1;1;1;0;0;0;0;0;1;252.5
