time_passes;gvn;instcombine;inline;jump_threading;simplifycfg;sccp;print_used_types;ipsccp;iv_users;licm;Performance
1;0;0;0;0;0;0;0;0;1;0;210.34
1;1;1;0;0;0;0;0;0;0;0;232.7
1;0;1;0;0;0;0;0;0;0;1;257.333333333333
1;0;0;0;0;0;0;0;0;0;0;210.44
1;0;1;1;1;1;1;1;1;1;1;265.816666666667
1;1;1;1;1;1;1;1;1;1;1;253.673333333333
1;0;1;1;0;1;0;0;0;0;0;230.536666666667
1;0;1;0;1;0;0;1;1;0;0;217.9
1;0;1;0;1;1;0;0;1;0;0;220.37
1;0;1;1;1;1;1;1;1;1;0;225.156666666667
1;1;1;1;1;1;0;0;0;0;0;243.283333333333
