time_passes;gvn;instcombine;inline;jump_threading;simplifycfg;sccp;print_used_types;ipsccp;iv_users;licm;Performance
1;0;0;0;0;0;0;0;0;1;0;210.34
1;1;0;0;0;0;0;0;0;1;0;219.153333333333
1;1;0;0;1;1;0;0;0;0;1;255.643333333333
1;0;0;0;0;0;0;0;0;0;0;210.44
1;1;1;1;1;1;0;1;1;0;1;262.94
1;0;1;0;1;1;1;1;0;0;0;233.276666666667
1;1;1;1;0;0;0;0;0;0;0;244.03
1;1;1;1;0;1;0;0;0;0;0;253.963333333333
1;1;1;1;1;0;0;1;0;0;0;256.473333333333
1;1;1;1;1;1;0;0;1;0;0;253.653333333333
1;0;0;1;0;1;1;0;0;0;1;265.69
