time_passes;gvn;instcombine;inline;jump_threading;simplifycfg;sccp;print_used_types;ipsccp;iv_users;licm;Performance
1;0;0;0;0;0;0;0;0;1;0;210.34
1;1;1;0;0;0;0;0;0;0;0;232.7
1;0;1;0;1;1;0;0;0;0;1;235.91
1;0;0;0;0;1;0;0;0;0;0;206.9
1;0;0;0;0;0;0;0;0;0;1;258.826666666667
1;1;1;1;1;0;0;0;0;0;0;243.783333333333
1;0;1;0;0;0;0;1;0;0;0;221.376666666667
1;1;1;1;1;1;1;1;1;1;1;253.673333333333
1;1;1;1;0;1;0;0;1;0;0;252.14
1;1;1;1;0;1;1;0;0;1;0;251.516666666667
1;1;1;1;0;1;1;1;1;1;0;256.183333333333
