time_passes;gvn;instcombine;inline;jump_threading;simplifycfg;sccp;print_used_types;ipsccp;iv_users;licm;Performance
1;0;0;0;0;0;0;0;0;0;0;210.44
1;0;1;1;1;1;1;0;1;1;1;251.523333333333
1;1;1;1;1;1;1;1;1;1;1;253.673333333333
1;1;1;0;1;1;1;0;1;1;0;246.16
1;1;1;1;1;0;1;0;0;1;0;251.41
1;1;1;1;1;0;1;1;1;0;0;250.493333333333
1;1;1;1;1;1;1;1;1;0;0;240.543333333333
1;1;1;1;1;1;1;1;1;1;0;245.343333333333
1;1;0;1;0;0;1;1;0;1;1;246.086666666667
1;1;1;1;0;0;0;0;0;0;1;253.15
1;1;1;1;1;0;0;0;0;0;1;252.5
