time_passes;gvn;instcombine;inline;jump_threading;simplifycfg;sccp;print_used_types;ipsccp;iv_users;licm;Performance
1;0;0;0;0;0;0;0;1;1;1;215.606666666667
1;1;1;0;0;1;1;0;0;0;1;255.013333333333
1;1;0;1;0;1;1;1;0;0;1;250.566666666667
1;0;1;1;0;1;1;1;1;1;0;232.523333333333
1;1;1;0;1;0;0;0;1;1;0;240.22
1;1;1;0;0;1;1;1;0;0;0;247.276666666667
1;1;0;1;0;0;0;1;0;1;0;235.173333333333
1;1;0;1;1;0;1;0;1;0;0;239.79
1;0;0;1;0;0;0;1;1;1;1;244.12
1;1;1;1;1;0;0;0;1;0;1;266.11
1;0;1;1;1;1;0;0;0;1;1;247.13
