time_passes;gvn;instcombine;inline;jump_threading;simplifycfg;sccp;print_used_types;ipsccp;iv_users;licm;Performance
1;1;1;0;0;0;1;0;0;0;0;244.5
1;1;1;1;1;1;1;1;1;1;1;253.673333333333
1;0;1;0;0;0;1;1;1;1;0;223.296666666667
1;1;1;0;1;1;1;1;0;1;0;241.78
1;1;1;1;1;1;0;0;0;1;0;248.536666666667
1;1;1;1;1;1;0;0;1;1;0;252.14
1;0;0;0;0;1;1;0;1;1;1;216.23
1;0;0;1;1;0;1;1;1;1;1;264.29
1;1;0;0;0;1;0;0;1;0;1;235.513333333333
1;1;0;1;0;1;1;0;0;0;1;253.393333333333
1;1;1;0;0;0;1;1;0;0;1;251.74
