time_passes;gvn;instcombine;inline;jump_threading;simplifycfg;sccp;print_used_types;ipsccp;iv_users;licm;Performance
1;1;1;0;1;1;0;0;0;0;1;254.073333333333
1;0;1;1;0;0;1;1;0;1;0;227.19
1;0;0;1;1;1;0;0;1;1;0;215.733333333333
1;0;1;0;0;1;0;0;1;0;0;219.966666666667
1;1;1;0;1;1;1;0;1;1;0;246.16
1;1;0;1;0;1;1;1;0;0;0;237.69
1;0;0;1;0;0;1;0;0;0;1;248.196666666667
1;0;1;0;0;0;1;1;1;1;1;236.36
1;1;1;0;1;0;0;0;1;0;1;251.846666666667
1;1;1;0;0;1;0;0;1;1;1;249.716666666667
1;0;0;1;1;0;0;1;0;1;0;209.84
