time_passes;gvn;instcombine;inline;jump_threading;simplifycfg;sccp;print_used_types;ipsccp;iv_users;licm;Performance
1;0;1;0;1;0;0;0;0;0;0;234.08
1;0;0;0;0;0;0;0;0;0;0;210.44
1;0;1;0;0;0;0;0;0;0;0;219.636666666667
1;0;1;1;0;0;0;0;0;0;0;224.95
1;0;0;1;1;0;0;0;0;0;0;217.29
1;0;0;1;0;0;0;0;1;0;0;209.703333333333
1;0;0;0;0;0;1;0;1;0;0;203.636666666667
1;0;1;1;1;0;0;0;0;0;0;224.326666666667
1;0;1;1;1;0;1;0;0;0;0;230.08
1;0;0;1;0;0;1;0;1;0;0;212.94
1;0;0;1;1;0;1;0;1;0;0;211.586666666667
