time_passes;gvn;instcombine;inline;jump_threading;simplifycfg;sccp;print_used_types;ipsccp;iv_users;licm;Performance
1;0;0;0;0;0;0;0;0;1;0;210.34
1;1;0;0;0;0;1;0;0;0;0;229.166666666667
1;0;0;0;0;0;0;0;0;0;0;210.44
1;0;0;0;0;1;0;0;0;0;0;206.9
1;0;0;0;0;0;0;0;0;0;1;258.826666666667
1;1;1;1;0;0;0;1;1;1;1;262.736666666667
1;1;0;0;1;1;0;0;1;0;0;227.906666666667
1;1;1;1;0;1;0;0;0;0;0;253.963333333333
1;1;1;1;1;0;1;1;0;0;0;252.06
1;1;1;1;1;0;1;1;0;1;0;249.28
1;0;0;1;0;1;0;0;1;0;1;258.16
