time_passes;gvn;instcombine;inline;jump_threading;simplifycfg;sccp;print_used_types;ipsccp;iv_users;licm;Performance
1;0;1;0;1;1;0;0;0;0;0;233.276666666667
1;1;1;0;0;0;0;0;0;0;0;232.7
1;1;1;0;1;0;0;0;0;0;0;245.936666666667
1;1;1;0;1;1;0;0;0;0;0;245.756666666667
1;0;1;0;1;0;0;0;0;0;1;237.696666666667
1;0;1;0;1;1;0;0;0;0;1;235.91
1;1;0;0;0;0;0;0;0;0;0;234.68
1;0;1;0;1;1;1;1;1;1;1;237.36
1;1;1;0;1;1;1;1;1;0;0;243.443333333333
1;1;1;0;1;1;1;1;1;1;0;247.166666666667
1;1;1;0;1;1;1;1;1;1;1;255.43
