time_passes;gvn;instcombine;inline;jump_threading;simplifycfg;sccp;print_used_types;ipsccp;iv_users;licm;Performance
1;1;0;0;0;0;0;0;0;1;0;219.153333333333
1;1;0;0;0;1;0;0;0;0;0;230.74
1;1;1;1;1;1;0;0;0;0;1;251.803333333333
1;1;1;1;1;1;0;1;1;1;1;267.51
1;1;1;1;1;1;1;1;0;0;1;250.43
1;0;1;1;1;1;1;1;1;0;1;267.173333333333
1;1;1;1;0;0;0;0;0;0;0;244.03
1;1;1;1;0;0;0;0;0;1;0;244.91
1;1;1;1;1;1;1;1;1;1;0;245.343333333333
1;1;0;1;1;1;1;1;1;0;1;237.346666666667
1;1;0;1;1;1;1;1;1;1;1;241.226666666667
